CVPR,A1
ICLR,A1
NeurIPS,A1
ICCV,A1
ICML,A1
ECCV,A1
ACL,A1
CHI,A1
ICASSP,A1
SIGGRAPH Asia,A1
ACM CCS,A1
CCS,A1
KDD,A1
EMNLP,A1
INFOCOM,A1
WWW,A1
ICRA,A1
ICSE,A1
IEEE S&P,A1
VLDB,A1
SIGCOMM,A1
PESGM,A1
USENIX Securit,A1
AAAI,A1
SIGMOD,A1
CEC,A1
IEEE VIS,A1
CRYPTO,A1
NSDI,A1
IJCAI,A1
NAACL,A1
NDSS,A1
STOC,A1
ACMMM,A1
ISCA,A1
ISSCC,A1
CSCW,A1
INTERSPEECH,A1
WSDM,A1
IROS,A1
ISIT,A1
OFC,A1
EUROCRYPT,A1
ICWSM,A1
AISTATS,A1
SIGIR,A1
UbiComp,A1
ASPLOS,A1
GLOBECOM,A1
HPCA,A1
FSE/ESEC,A1
PLDI,A1
ACMMM,A1
CIKM,A1
MOBICOM,A1
OSDI,A1
RSS,A1
COLT,A1
CVPRW,A1
FOCS,A1
POPL,A1
DAC,A1
EUROGRAPHIC,A1
EuroVis,A1
PG,A1
SGP,A1
SOSP,A1
FAST,A1
MobiSys,A1
SEMEVAL,A1
SODA,A1
UIST,A1
ICDMW,A1
USENIXATC,A1
VTC,A1
DATE,A1
MSR,A1
BMVC,A1
CDC,A1
HICSS,A1
IMC,A1
SC,A1
ACC,A1
EUROSYS,A1
ICIP,A1
ISWC,A1
MICCAI,A1
MICRO,A1
AAMAS,A1
EC,A1
RECSYS,A1
CAV,A1
WACV,A1
ASIACRYPT,A1
FC,A1
ICDM,A1
LREC,A1
ASIACCS,A1
CHES,A1
EACL,A1
FGR,A1
TACAS,A1
ACMSOCC,A1
ASE,A1
ASIACSS,A1
HRI,A1
ICDCS,A1
IVS,A1
CoNLL,A2
ISSTA,A2
LAK,A2
SIGNLL,A2
TCC,A2
BIG DATA,A2
BIGDATA,A2
CCGRID,A2
CONEXT,A2
DSN,A2
ECC,A2
GECCO,A2
Humanoids,A2
ICDAR,A2
OOPSLA,A2
PIMRC,A2
SDM,A2
ICMR,A2
IJCNN,A2
ITSC,A2
PPOPP,A2
SenSys,A2
SIGCSE,A2
ALLERTON,A2
ASONAM,A2
CloudNet,A2
COLING,A2
EMBC,A2
ICALP,A2
IEEECLOUD,A2
PERCOM,A2
SOUPS,A2
ACCV,A2
CIDR,A2
ECIS,A2
ECML,A2
ESWC,A2
ESWS,A2
ICCAD,A2
ICCNC,A2
ICMI,A2
IFAC,A2
IPSN,A2
ITCS,A2
SAC,A2
SANER,A2
UAI,A2
COGSCI,A2
EDBT,A2
FSE,A2
ICN,A2
ICUAS,A2
ISCAS,A2
PKC,A2
ACSAC,A2
CODASPY,A2
ESORICS,A2
GLOBALSIP,A2
HPDC,A2
ICPR,A2
ICSTV,A2
IM,A2
ISMIR,A2
PACTT,A2
PerComW,A2
TEEM,A2
ACM SIGSPATI,A2
AINA,A2
AINAW,A2
ASP-DAC,A2
BPM,A2
GIS,A2
HOTNETS,A2
ICAPS,A2
ICNP,A2
IECON,A2
ISBI,A2
IUI,A2
MMSYS,A2
PODC,A2
WF-IoT,A2
CGO,A2
ECIR,A2
ECRTS,A2
EDM,A2
FPGA,A2
FPL,A2
ICME,A2
ICSM,A2
MOBIHOC,A2
NETWORKING,A2
PET,A2
RTAS,A2
SECON,A2
SIGDIAL,A2
TEI,A2
WEBSCI,A2
WOWMOM,A2
3DV,A2
CloudCom,A2
CT-RSA,A2
DIS,A2
FUSION,A2
HOST,A2
ICCPS,A2
ICIS,A2
ICS,A2
IWCMC,A2
MOBILEHCI,A2
PAM,A2
PODS,A2
SPLC,A2
WHC,A2
ACM CHI PLAY,A3
AIED,A3
BTAS,A3
CHIPlay,A3
CSF,A3
DEBS,A3
FEDCSIS,A3
ICCVW,A3
ICPE,A3
ISCIS,A3
ISCRAM,A3
ISGT,A3
ISSRE,A3
IWCS,A3
MSST,A3
NOMS,A3
RO-MAN,A3
SEAMS,A3
SMARTGRIDCO,A3
TRUSTCOM,A3
ACII,A3
AMCIS,A3
CAISE,A3
CCNC,A3
COMPSAC,A3
COSN,A3
ECOOP,A3
ESA,A3
EUROHAPTICS,A3
EUSIPCO,A3
IAS,A3
ICAISC,A3
ICCD,A3
ICPC,A3
ICWS,A3
ISMAR,A3
ISPASS,A3
ISWCS,A3
MEDINFO,A3
MIE,A3
MODELS,A3
PacificVis,A3
PAKDD,A3
RE,A3
RTSS,A3
SCA,A3
SIGGRAPH,A3
SMC,A3
STACS,A3
WCNC,A3
ACNS,A3
AMIA,A3
ASSETS,A3
CANS,A3
CIG,A3
CLUSTER,A3
COG,A3
COMPGEOM,A3
CONCUR,A3
CP,A3
DCOSS,A3
ECAI,A3
EUROPAR,A3
HCOMP,A3
HT,A3
Hypertext,A3
ICER,A3
ICIT,A3
ICOIN,A3
IISWC,A3
ITP,A3
LICS,A3
PSB,A3
SACRYPT,A3
SAT,A3
SoCG,A3
SOSE,A3
SPAA,A3
UMAP,A3
WiSec,A3
AVSS,A3
BEDS,A3
CCC,A3
CICC,A3
CNS,A3
CNSM,A3
CODES+ISS,A3
CODES+ISSS,A3
COMSNETS,A3
CSL,A3
DISC,A3
ESEM,A3
ETFA,A3
FCCM,A3
FDG,A3
IC2E,A3
ICMEW,A3
IGARSS,A3
INTERACT,A3
ISC,A3
ISM,A3
JCDL,A3
KR,A3
MDM,A3
NETSOFT,A3
PSCC,A3
RECOMB,A3
SLT,A3
SOCIALCOM,A3
T&D,A3
VISAPP,A3
WIMOB,A3
CADE,A3
CASE,A3
CICLING,A3
CSMR,A3
DCC,A3
EASE,A3
EDOC,A3
ER,A3
FIE,A3
FUZZIEEE,A3
HIPC,A3
HPCC,A3
ICB,A3
ICCSA,A3
ICSOC,A3
IEEEISWC,A3
IMIS,A3
INDIN,A3
ISCC,A3
ITICSE,A3
MMM,A3
PDP,A3
QoMEX,A3
RAID,A3
SOCINFO,A3
SPIE,A3
TABLETOPS,A3
UCC,A3
WCRE,A3
WiOpt,A3
WPES,A3
3DUI,A3
AH,A3
EMSOFT,A3
FASE,A3
FMCAD,A3
ICDT,A3
ICWE,A3
SEA,A3
VAST,A3
VR,A3
ACM TVX,A3
APPROX-RAND,A3
BioRob,A3
DL,A3
ESSCIRC,A3
ICDCN,A3
ICSC,A3
ICTAI,A3
ISPD,A3
NFM,A3
NIME,A3
OzCHI,A3
PACIS,A3
XP,A3
AIIDE,A3
BSN,A3
DSD,A3
EICS,A3
FM,A3
ICDE,A3
ICIAP,A3
ICMLA,A3
ICORR,A3
IPDPS,A3
ITS,A3
IVA,A3
LPAR,A3
MFCS,A3
PervasiveHealth,A3
ROBIO,A3
BIBM,A3
DASFAA,A3
EC-TEL,A3
HAPTICS,A3
HEALTHCOM,A3
HEALTHINF,A3
ICALT,A3
ICHI,A3
IJCAR,A3
INCOS,A3
ISAAC,A3
ISVC,A3
LPNMR,A3
NOCS,A3
RTCSA,A3
SBES,A3
SEFM,A3
SSDBM,A3
SSRR,A3
TREC,A3
VRST,A3
WASPAA,A3
WISE,A3
CSEDU,A3
ECMR,A3
IJCNLP,A3
ISORC,A3
ISVLSI,A3
SIBGRAPI,A3
BIBE,A3
ICLP,A3
IPCO,A3
ISER,A3
SI3D,A3
SI3D,A3
SRDS,A3
CBMS,A3
CSCWD,A3
ICC,A3
ICEIS,A3
ICIDS,A3
ISLPED,A3
SAFECOMP,A3
SUI,A3
VLHCC,A3
COSIT,A3
EMBS,A3
ESCIENCE,A3
ICAR,A3
ICEC,A3
ICMC,A3
IFM,A3
MIDDLEWARE,A3
SBIE,A3
SSTD,A3
WABI,A3
WG,A3
AGILE,A3
EUROCOMB,A3
GIScience,A3
SEGAH,A3
AISEC,A4
ARES,A4
CC,A4
DySPAN,A4
EuCNC,A4
FiCloud,A4
ICFHR,A4
ISIE,A4
LCN,A4
MMSP,A4
PETS,A4
POST,A4
SOSR,A4
WASSA,A4
ANCS,A4
DSP,A4
ECTEL,A4
EMO,A4
ETRA,A4
IAT,A4
ICDSP,A4
ICONIP,A4
IEEESCC,A4
IFIPISC,A4
ISW,A4
ITSS,A4
LION,A4
MED,A4
MLSP,A4
MSWIM,A4
PCS,A4
SENSORS,A4
VNC,A4
W4A,A4
WCNCW,A4
WI-IAT,A4
AIM,A4
CCECE,A4
DAS,A4
DGO,A4
DSAI,A4
ECSA,A4
EVOAPPLICATI,A4
HPCS,A4
ICIOT,A4
ICT,A4
IPDPSW,A4
ISGT-Europe,A4
ISQED,A4
ITNG,A4
MASCOTS,A4
MMAR,A4
NetSoftW,A4
PETRA,A4
RCIS,A4
REFSQ,A4
RFID,A4
ROBOCUP,A4
SAICC,A4
SASO,A4
SOCS,A4
VISSOFT,A4
VLSID,A4
Web4All,A4
WIFS,A4
WMNC,A4
WSC,A4
CBI,A4
CF,A4
CISIS,A4
CLOSER,A4
CPM,A4
CSCI,A4
CSE,A4
DAMON,A4
EGOV,A4
EGOV-CEDEM-,A4
ESOCC,A4
EUROMICRO,A4
EWSDN,A4
GLSVLSI,A4
GLVLSI,A4
I2MTC,A4
ICCA,A4
ICCVE,A4
ICTON,A4
IH&MMSec,A4
IMCOM,A4
INDOCRYPT,A4
IRI,A4
MEMEA,A4
MOBILECLOUD,A4
MTD,A4
MUM,A4
NSS,A4
PAAMS,A4
ParCO,A4
PST,A4
QEST,A4
RANLP,A4
SBST,A4
SEC,A4
SEM,A4
SERVICES,A4
SOCA,A4
SPIEMI,A4
SPIN,A4
SSBSE,A4
SSCI,A4
UAHCI,A4
VAMR,A4
WICSA,A4
AC-HCI,A4
ACISP,A4
ACM CC,A4
ASAP,A4
CASES,A4
CGC,A4
CISTI,A4
DMA,A4
DRCN,A4
EuroGP,A4
FLAIRS,A4
GI,A4
ICAART,A4
ICCIC,A4
ICDCSW,A4
ICMA,A4
ICNSC,A4
ICSI,A4
IEEEICCC,A4
IRMMW,A4
ISIS,A4
ITC,A4
IV,A4
MSEC,A4
NordiCHI,A4
OM,A4
PPSN,A4
QoSA,A4
SAM,A4
SYSCON,A4
VTS,A4
WD,A4
WER,A4
WONS,A4
BRACIS,A4
CENTERIS,A4
CHASE,A4
COMMA,A4
ICDIP,A4
ISMM,A4
ISOLA,A4
SYSTOL,A4
WEB3D,A4
ABZ,A4
ADBIS,A4
CAIP,A4
COCOON,A4
CSEE&T,A4
DFT,A4
ICINCO,A4
ICNC,A4
ICPP,A4
MIG,A4
MOBILESOFT,A4
OCEAN,A4
WEBIST,A4
AIME,A4
CIARP,A4
DEXA,A4
HASE,A4
IDEAS,A4
OPODIS,A4
SBAC-PAD,A4
SWAT,A4
TABLEAUX,A4
WETICE,A4
CMMR,A4
GROUP,A4
ICFEM,A4
LATIN,A4
RTA,A4
SMusC,A4
BCB,A4
CIBCB,A4
IWBBIO,A4
W2GIS,A4
WIE,A4
ISBRA,A4
PACBB,A4
VRCAI,A4
SVR,A4
WEI,A4
WEBMEDIA,A4
SBCCI,A4
SBMF,A4
SBRC,A4
SBLP,A4
SBBD,A4
HCI,B1
3DIC,B1
ASMS,B1
AVI,B1
BCS-HCI,B1
BDCLOUD,B1
BIGDATASERVI,B1
BIOSIG,B1
BMSB,B1
COURB,B1
DBSec,B1
DSAA,B1
ECMDAFA,B1
EIS,B1
ESANN,B1
ESSDERC,B1
EWSN,B1
FORMATS,B1
FSTTCS,B1
GCCE,B1
GREENS,B1
HPG,B1
HPSR,B1
ICANN,B1
ICCEBerlin,B1
ICCP,B1
ICHQP,B1
ICSR,B1
ICTIR,B1
ICUMT,B1
ICWNWC,B1
IIWAS,B1
IPCCC,B1
IPEC,B1
IPTA,B1
ISC2,B1
ISSREW,B1
LATINCRYPT,B1
MWSCAS,B1
NCA,B1
PROFES,B1
RACS,B1
SACMAT,B1
SAMOS,B1
SIES,B1
SIMUTOOLS,B1
TVX,B1
VAMOS,B1
VCIP,B1
WCAS,B1
WOCN,B1
3PGCIC,B1
ACE,B1
ANTS,B1
APNOMS,B1
ASYNC,B1
CAMAD,B1
CBMI,B1
CBSE,B1
DAIS,B1
DAWAK,B1
DFTVS,B1
ECAL,B1
EGOVIS,B1
ETS,B1
EVOCOP,B1
FROCOS,B1
ICCHP,B1
ICE-CCN,B1
ICECS,B1
ICGSE,B1
ICGTT,B1
ICIAR,B1
ICITST,B1
ICPADS,B1
IDEAL,B1
IEEE eScience,B1
ISI,B1
ISSI,B1
IWANN,B1
IWBF,B1
KESW,B1
LDAV,B1
MFI,B1
MICAI,B1
MobiArch,B1
MODELSWARD,B1
MODULARITY,B1
MS,B1
NLDB,B1
PADS,B1
PPAM,B1
QRS,B1
SAS,B1
SCAM,B1
SECRYPT,B1
SII,B1
SPIRE,B1
SSPR,B1
TAP,B1
TSD,B1
UKSIM,B1
VEM,B1
WHISPERS,B1
WNUT,B1
APLAS,B1
ARCS,B1
CASCON,B1
CDH,B1
CIDM,B1
CiE,B1
CMSB,B1
CSNDSP,B1
DH,B1
DOCENG,B1
ECMS,B1
EuroMPI,B1
FTC,B1
ICA3PP,B1
ICCE,B1
ICED,B1
ICEGOV,B1
ICISC,B1
ICIV,B1
ICSOB,B1
ICVS,B1
INTECH,B1
INTELLISYS,B1
ISADS,B1
ISCE,B1
JCSSE,B1
LAW,B1
MOBIQUITOUS,B1
MSN,B1
NetSys,B1
NETWORKS,B1
NEWCAS,B1
NFV-SDN,B1
OpenSym,B1
PACT,B1
PDC,B1
PPDP,B1
PRIMA,B1
RADECS,B1
RECONFIG,B1
RIECS,B1
RuleML,B1
SEKE,B1
SOFTCOM,B1
SPACE,B1
SSPLC,B1
SUM,B1
TPDL,B1
VALUETOOLS,B1
VarDial,B1
VLSI,B1
VLSI-SOC,B1
WFCS,B1
WOCC,B1
ECSQARU,B1
GEM,B1
GIR,B1
ICARSC,B1
ICTAC,B1
IWSSIP,B1
MVA,B1
PRDC,B1
ACM DocEng,B1
DIGRA,B1
EDCC,B1
ISMVL,B1
TIME,B1
WADS,B1
AlCoB,B1
CDVE,B1
DGCI,B1
ICVR,B1
LASCAS,B1
PROPOR,B1
TASE,B1
VS-Games,B1
DAFX,B1
SBCARS,B1
SBSI,B1
TAC,B1
IHC,B1
LARS,B1
LARS/SBR,B1
CRIWG,B1
GEOINFO,B1
SBESC,B1
BSB,B1
SBGAMES,B1
SAST,B1
SBSeg,B1
SBQS,B1
STIL,B1
SBSC,B1
SEMISH,B1
SBCM,B1
WSCAD,B1
AHS,B2
AIMS,B2
BIGDATASECU,B2
BMEI,B2
CAD,B2
CIC,B2
CISRC,B2
CogSIMA,B2
DASIP,B2
DCAI,B2
DOLAP,B2
DS,B2
DS-RT,B2
DSRT,B2
ECSAW,B2
EuroSPI,B2
EUSFLAT,B2
FIT,B2
GIOTS,B2
GreenCom,B2
HAIS,B2
HIS,B2
HM,B2
IbPRIA,B2
ICARV,B2
ICCS,B2
ICECCS,B2
ICIC,B2
ICIIECS,B2
ICIST,B2
ICLA,B2
ICNC-FSKD,B2
ICOMPWC,B2
ICST,B2
ICTSS,B2
IEEE NANO,B2
IGSC,B2
IIH-MSP,B2
IMCL,B2
IOLTS,B2
IPAW,B2
IPMU,B2
ISGTEUROPE,B2
ISNN,B2
ISSA,B2
ITHET,B2
MCS,B2
MISE,B2
MLDM,B2
MOBIWAC,B2
NABIC,B2
P2P,B2
PECCS,B2
RECOSOC,B2
ROSE,B2
SACCONET,B2
SACI,B2
SAMWC,B2
SCSM,B2
SET,B2
SMARTGREEN,B2
SOFSEM,B2
TAROS,B2
VECIMS/CIVEM,B2
WOLLIC,B2
WUWNET,B2
21CW,B2
ACIVS,B2
AGI,B2
AI,B2
AICCSA,B2
AIPR,B2
AMW,B2
ARC,B2
BIGDSE,B2
BIGMM,B2
BIH,B2
BIR,B2
BRC,B2
CCCG,B2
CHIIR,B2
CIbSE,B2
CITS,B2
CIVTS,B2
CompSysTech,B2
CSI-SE,B2
DDECS,B2
DEPCOS,B2
DIVANET,B2
EANN,B2
ECWeb,B2
ELECAI,B2
ENASE,B2
EPIA,B2
EuroParW,B2
EuroPloP,B2
FOGA,B2
FSKD,B2
GIIS,B2
GRAPP,B2
ICCC,B2
ICCCN,B2
ICCL2,B2
ICDIM,B2
ICEBE,B2
ICICS,B2
ICIQ,B2
ICITS,B2
ICM,B2
ICSOFT,B2
IDCS,B2
IEAAIE,B2
IEEE IST,B2
INTED,B2
IoTBDS,B2
ISDA,B2
ISIC,B2
ISPDC,B2
IVAPP,B2
JURIX,B2
KDIR,B2
L@S,B2
LFCS,B2
Med-Hoc-Net,B2
MEDES,B2
MEDHOCNET,B2
NFmcp,B2
NOF,B2
NTMS,B2
PDCAT,B2
PDPTAWC,B2
PLOP,B2
SESoS,B2
SIGDOC,B2
SISAP,B2
SOC,B2
T&DLA,B2
TLCA,B2
UCAMI,B2
UIC,B2
VLSI-DAT,B2
VMV,B2
WALCOM,B2
WCBIE,B2
WORKS,B2
3DOR,B2
3DTV,B2
ADHOC-NOW,B2
ARSO,B2
BigSpatial,B2
CLEI,B2
COCOA,B2
CSCN,B2
CSDS,B2
DHM,B2
DroNet,B2
EAIS,B2
ECCTD,B2
EUROITV,B2
EUVIP,B2
EXP.AT,B2
FOCI,B2
GPC,B2
ICCAR,B2
ICCETaiwan,B2
ICIEOM,B2
ICISS,B2
ICISSP,B2
IEEENANO,B2
INLG,B2
INTERACCION,B2
ISSPIT,B2
IWCTS,B2
IWOCA,B2
IWSECO,B2
KESAMSTA,B2
LANMAN,B2
LATS,B2
LATW,B2
MABS,B2
MATES,B2
MCM,B2
MCPR2,B2
MoMM,B2
MTSR,B2
OSS,B2
PATMOS,B2
PROMISE,B2
QRSW,B2
RAMS,B2
RSP,B2
SENSORNETS,B2
SIIE,B2
SIYSTOR,B2
SPA,B2
SSCC,B2
SSIAI,B2
WAOA,B2
WETSOM,B2
WRLA,B2
FCT,B2
ICCE-EDU,B2
ISCOPT,B2
LAC,B2
LADC,B2
WAC,B2
AES-ICSA,B2
AUDIOMOSTLY,B2
ENANPAD,B2
FACS,B2
ICCABS,B2
IDC,B2
LACLO,B2
SBSR,B2
CSCL,B2
CoopIS,B2
ACRI,B3
AGERE,B3
AICT,B3
AIML,B3
AM,B3
APCASE,B3
ARM,B3
CAAD,B3
CAiSE-Forum,B3
CANDAR,B3
CGI,B3
CIT,B3
CLOUDCOMPU,B3
CLOUDTECH,B3
COLOGNETWE,B3
DILS,B3
EA,B3
ENIC,B3
FDL,B3
FOSD,B3
ICAIWC,B3
ICAS-IARIA,B3
ICAT,B3
ICCW,B3
ICDF,B3
ICSEW,B3
IGIC,B3
INDUSCON,B3
InfoVis,B3
IPCVWC,B3
ISAM,B3
ISMIS,B3
ISS,B3
IWT,B3
LATINCOM,B3
MCSoC,B3
MoWNeT,B3
MWE,B3
PLATEAU,B3
PRIB,B3
Q2SWinet,B3
QUATIC,B3
RELAW,B3
SBMICRO,B3
SCCC,B3
SCSC,B3
SDIEV,B3
SE4Science,B3
VPQM,B3
WAPCO,B3
ACRA,B3
AGILEGIS,B3
APCCAS,B3
BioCOMP-WC,B3
CASA,B3
CICS,B3
CIMSIVP,B3
CLEF,B3
CMC,B3
COGNITIVE-IAR,B3
CSC,B3
DCCW,B3
EATIS,B3
ECCE,B3
EUROSIM,B3
EWC,B3
FoIKS,B3
FTXS,B3
GAS,B3
GECON,B3
ICARM,B3
ICERI,B3
ICGJ,B3
ICISO,B3
ICL,B3
ICSPCEC,B3
IESS,B3
IFUZZY,B3
ILP,B3
IPPR,B3
ISDEVEL,B3
IWPSE,B3
KMO,B3
M4IOT,B3
MIKON,B3
NORCAS,B3
OR,B3
PESOS,B3
RePa,B3
RESER,B3
SESCPS,B3
SIMPAR,B3
SIMPDA,B3
SIMULTECH,B3
SPLASH,B3
SUMMERSIM,B3
3DCVE,B3
3DIPM,B3
APWEB,B3
ARMS-CC,B3
CADGRAPHICS,B3
CGIM,B3
CICOMMS,B3
CLIHC,B3
COMMONSENS,B3
COMPIMAGE,B3
COTB,B3
CPA,B3
CSCWC,B3
DESE,B3
DSC,B3
DSNW,B3
E-Learning,B3
ERLANG,B3
EUMAS,B3
EVA,B3
EXAMPI,B3
FECS-WS,B3
FG,B3
HPPN,B3
IBERAMIA,B3
IC3K,B3
ICAIS,B3
ICCCC,B3
ICONS-IARIA,B3
IEEEIA,B3
IFSA,B3
IHM,B3
IJCCI,B3
INOC,B3
IRIS,B3
ISAmI,B3
ISAP,B3
ISWPC,B3
IWSG,B3
JCSC,B3
MDAI,B3
MIC,B3
MOBILWARE,B3
MRS,B3
MSVWC,B3
NAFIPS,B3
SARNOFF,B3
SBACPADW,B3
SciVis,B3
SEARIS,B3
SERPWC,B3
UNET,B3
WEBDB,B3
WRE,B3
CL,B3
ANPPOM,B3
ICMPC,B3
LocWeb,B3
SBPO,B3
CSBIO,B3
CSMC,B3
KDMILE,B3
NMR,B3
CNMAC,B3
CONTECSI,B3
ISMB/ECCB,B3
TARK,B3
AES,B3
LAGOS,B3
BIATA,B3
ICGT,B3
ICSLE,B3
MMRP,B3
ONTOBRAS,B3
SBCAS,B3
SeCoGis,B3
ACHI-IARIA,B4
ACIRS,B4
ASID,B4
BNAIC,B4
CEDEM,B4
CL4LC,B4
COMPLENET,B4
CTE,B4
EEEWC,B4
EURO,B4
EUROCG,B4
GeoPrivacy,B4
ICAROB,B4
ICSEA-IARIA,B4
IMOC,B4
IMS3TW,B4
ISEUD,B4
LANOMS,B4
LCDNET,B4
MEDIAN,B4
MESA,B4
MMEDIA-IARIA,B4
MULTITEMP,B4
PATAT,B4
PPNIV,B4
RCAR,B4
SmartObjects,B4
SOCC,B4
SOCO,B4
STAG,B4
TextGraphs,B4
TISE,B4
WVC,B4
A-TEST,B4
ATT,B4
BMAW,B4
CATA,B4
CBA,B4
CBEB,B4
CILAMCE,B4
CMN,B4
CONFIRM,B4
DMNPL,B4
EM-GIS,B4
EUROPKI,B4
EuroVISW,B4
FCTA,B4
IBERCHIP,B4
ICCDCS,B4
ICCRTS,B4
ICIVC,B4
ICORES,B4
ICRAE,B4
ISECON,B4
IWS,B4
MARMI,B4
PATTERNS,B4
RICE,B4
RuleML+RR,B4
SBCUP,B4
SBTI,B4
SDPC,B4
SESENA,B4
SIED: EnPED,B4
SSC,B4
UBICOMM-IARI,B4
WCCM,B4
WIM,B4
WTA,B4
WTTM,B4
ADVANCE,B4
AICT-IARIA,B4
ALIO/EURO,B4
ARGMAS,B4
AST,B4
BIOSENSORS,B4
BRESCI,B4
CELDA,B4
CMBBE,B4
CRTL+E,B4
DESAFIE,B4
DMS,B4
ETELEMED-IAR,B4
ICIW-IARIA,B4
ICN-IARIA,B4
ICWI,B4
INTELLI-IARIA,B4
ISEA,B4
ISTAR,B4
LA-CCI,B4
LAWCN,B4
LIDTA,B4
LTEC,B4
MCDM,B4
SBAI,B4
SBrT,B4
SBSE,B4
SEPLN,B4
SIGGRAPH-Asi,B4
SIMEC,B4
SLERD,B4
SOCIALEDU,B4
SoftStart,B4
SWWSWC,B4
SYSMUS,B4
ToRPorEsp,B4
WCCE,B4
WCCI,B4
WCN,B4
WDES,B4
WIT-CSBC,B4
WMOD,B4
WPEIF,B4
WPerformance,B4
AMD,B4
AOFA,B4
ARVO,B4
BIGDSSAGRO,B4
BRASERO,B4
CBIS,B4
CBS,B4
CCIS,B4
CIDI,B4
CIMENICS,B4
CobRA,B4
COMSOC,B4
DATAANALYTI,B4
DBKD-AIARIA,B4
DPM,B4
ECTA,B4
eKNOW,B4
ENERGY-IARIA,B4
ENIAC,B4
GeoPROCESSI,B4
GLOBALDEV,B4
GraphQ,B4
HCIST,B4
IAV,B4
ICNS-IARIA,B4
ICSNC-IARIA,B4
IEMSS,B4
ISR,B4
ITA,B4
KES,B4
LINKDEM,B4
MSI,B4
NESY@HLAI,B4
NLPCS,B4
NWPT,B4
PP,B4
REM,B4
RTIS,B4
SBIAGRO,B4
SDH,B4
SIGE,B4
SIIM,B4
SLISW,B4
SSM,B4
SUGARLOAFPL,B4
SWEET,B4
TAMIDA,B4
TRUST,B4
UCHPC,B4
UNIF,B4
URSW,B4
WAIHCWS,B4
WAMCA,B4
WCX,B4
WESAAC,B4
WESB,B4
WGRS,B4
WOSP,B4
WRC,B4
WRVA,B4
WSCG,B4
WSL,B4
WTF,B4
WVIS,B4
ZEUS,B4
ACE-X,B4
ADVCOMP-IARI,B4
CARE,B4
CATE,B4
CBSF,B4
COIN,B4
DCM,B4
DEA,B4
EMAS,B4
ESELAW,B4
FOIS,B4
GAMEON,B4
HCI3P,B4
HR,B4
HVC,B4
IAAI,B4
ICDP,B4
ICDS-IARIA,B4
ICWMC-IARIA,B4
IIR,B4
KnowLOD,B4
LAWCG,B4
LISS,B4
LSFA,B4
MASLE,B4
Matheuristics,B4
MetaSel,B4
MPPU,B4
PoEM,B4
QMMQ,B4
RoboSoft,B4
SECURWARE-I,B4
SIMBig,B4
SOFTENG-IARI,B4
VECPAR,B4
WAlgProg,B4
WASHES,B4
WBMA,B4
WCAMA,B4
WCGA,B4
WCISC,B4
WEIHC,B4
WEIT,B4
WGID,B4
WNAA,B4
WoSiDA,B4
WP2P+,B4
WPCCG,B4
WTICIFE,B4
MUCS,B4
AAATE,B4
ABCIBER,B4
AES Brasil,B4
ARIC,B4
ASPRS,B4
BPMS2,B4
BRAHUR,B4
C4BIE,B4
CBTMS,B4
CCSI,B4
CLOUDDB,B4
CoARCH,B4
COGNISE,B4
COMPUTEC,B4
CONTEXT-BPM,B4
DARS,B4
DCASE,B4
EUC,B4
GeoAI,B4
GeoSim,B4
GPCE,B4
GVIZ,B4
HCSE,B4
ICMCR,B4
ICPME,B4
ICVIIP,B4
ILA,B4
IoTAAL,B4
IPDLN,B4
ISMCR,B4
ISMR,B4
LA-WEB,B4
LANC,B4
LATINCLOUD,B4
LCTES,B4
LCTRTS,B4
LocalRec,B4
LoPaS,B4
MANSDNNFV,B4
MASS,B4
NEW2AN,B4
PDES,B4
PE-WASUN,B4
PGM,B4
PLATIAL,B4
PredictGIS,B4
RAHA,B4
SCCTSA,B4
SNAA,B4
SORT,B4
SoWeMi,B4
SpatialBigData,B4
SustainIT,B4
TechDebt,B4
TIMBRE,B4
UBIMUS,B4
USIHC,B4
Videojogos,B4
WCGE,B4
WISM,B4
WSKS,B4
WTranS,B4
